0LTfYtZwbD4Bax5TGy0aWhZkfUm_q-m1,2.0.40
0LTjioaT5K-r-2xdUAdM4d3F_Q-A3dD1,2.0.44
0LTgdS4lJRpKW3wspXr3s9oEpP-vC-01,2.0.44
0LTgYlVf6P5pwDCnkDE89oWu6S2bX--1,2.0.44
0LTkbEfAoBu9w97Xut6M7ZW_4bD0vB-1,2.0.44
0LTjJdSkcMivayBR2rTow4txH-gAke-1,2.0.40
0LTkrOLwxjKgdNHQaT8BjDcPP0_xq-R1,2.0.44
0LTfuyPORH73Kzjl5SSaX5DUHKVmC_-1,2.0.40
0LTjV9N7GHNpP0_A4J8_rw00gTVP_-L1,2.0.40
0LTfmzQjoGXB3lUG0B806Oc2aXiUg-v1,2.0.44
0LZgZ5M-x4Nn1HLhtQHiyeAclL78-371,2.0.44
0LZlrQOrUsgu8qM8OUTC4-hGjzYJG-z1,2.0.40
0LTeMMOiZokMo-ULohiTRvJYa_EE-661,2.0.34
0LZlZKbZ2GW-Cb27p-J-zAV_AnfMZSv1,2.0.40
0LZlcrzTkDbq8YKgBNY-OGqMI-Whaq-1,2.0.34
0LZhcKQrjRL9j-lUehuUpjbUJNe44-H1,2.0.44
0LVGDYg09XudmqqBDRSRgrVElXbxCf-1,2.0.44
0LZlxSAEerSKydNYVh5mmpnuiIPvX-q1,2.0.44
0LZiIBGRl-QC_yEakpJRTo4e-w-AkH01,2.0.40
0LZm-9eUwNALINM8XP79iVs4Qg0R3_F1,2.0.44
0LZgRNjm10bDv9KHHOzAczRI8zRGwC-1,2.0.44
0LZmBMkJRe5Dy_o_EQwiP2tytih_5--1,2.0.44
0LZgwHWeir2ubTM-IZFW_6qqSj_w3-d1,2.0.44
0LZqtIbp3hsBY8fnRiqFRYj0P4Vag-G1,2.0.44
0LZn-5l637kY8gEy8K8_TogljKKSM8x1,2.0.44
0LZrsABAZWiE0xZzGH0m-0pRf7LXBx-1,2.0.44
0LZmuA2GkUKLNtBK1fwAoOPPiWhbA-L1,2.0.25
0LZn-Sg_5J_P3YdARst5uY3Za_kZzBP1,2.0.44
0LZn-o_Q5yyviXpr_48jbvqDonHkDsV1,2.0.44
0LZn-MxAHzNrhivTvLOJlJKq3dBpiYg1,2.0.44
0LZm-Jq2Ck4oLhd_Atj70FSU1xAFtqR1,2.0.44
0LZm8cbWB0yp1hVzoxqD9Vl0YkC_c-o1,2.0.40
0LZn-k4_-HsF-dSTS_-UrWddbikd9741,2.0.44
0L_Fi_fmO4cxIeCb2cTAxB1c-o-Ic_F1,2.0.44
0LZguea9yrfXFv-A-OILklXxkYQt2_V1,2.0.44
0LZga7ubkcKpHdJRcE4gupBHWJd-rG-1,2.0.44
0LZmu3tpZqLxYDomIDxuBPkGQpK9V-41,2.0.44
0LZn-F8J8-GS4falsQgFDX6wm4Shfxu1,2.0.44
0LZn-w9HceMjgvn2cnf4R-1xHc4YJql1,2.0.25
0LZn-sEfnJw1uIqHicjV3OCrx8cPTqp1,2.0.44
0LZm9pilbCtOcOIee3Yj9Ts8SI7Vii-1,2.0.44
0LZm-Wp9B4B6WyRiCUrobih5seBONgg1,2.0.44
0LZmyJ1_rz8m8_krL0jY2ATywdm1G-o1,2.0.40
0LZnKXplk7Y_EwtnTUgYN4Yl2Arq9E-1,2.0.44
0LZn-droz60JoF0LdGWE1LeWi6iYWU-1,2.0.40
0LZnbWYVit8RjCLwk2Y0lfHD1uweZl-1,2.0.40
0LZrwuFn5A88eiAin2kvgXtqppHVJg-1,2.0.44
0LZsUxw6aFhlM22-2xqIitqGifdTW-w1,2.0.40
0LZmsvlLZe-8-7yP1SyunKeb0ICZqpz1,2.0.44
0LZsLyUxmLuTwGaqLL_jh95Z7upUO-U1,2.0.44
0LZs7hcXA0ZivDY4MTEsnHNuBJY-t-C1,2.0.44
0LacTfSfb4ZKAKKfSQSTWOSxt40JoS-1,2.0.44
0LVCDUwT4DMJbQI07kVg6Ns3-o-Hb3b1,2.0.40
0LZmp4NeVhbX9AgNyLoWOr1q2c8JRs-1,2.0.40
0LZlhOiicRYJNKEk576l3k5lL3cMk-91,2.0.44
0LZnItw8QoKMGgOAk2JLO3IeoiZcn6-1,2.0.44
0LZlabtnnHmz4M_qCQFw794qvW_VBB-1,2.0.44
0LaZ-zg_mysz11QXmdlQlvsgUhNw7pw1,2.0.44
0LZm-cDyqa_PGg5d3lAkXEc2SLhbzIm1,2.0.44
0LZm26gD2koKlo6J32NuyzAT2B13s-21,2.0.40
0LZm-o9bgJG8p8k_qaAOePW5Nj3HaO_1,2.0.25
0LaZ-07uq5fAZScBqeVXRRXuHLkVWXH1,2.0.44
0LZn-BxLmJK_eS_x9r6z5MjFIPgH74d1,2.0.44
0LZm-F-lb00_SgUp_5J-QXu3NaoGLeO1,2.0.50
0LZnWcrjPQh4R9Tqghi0Ns-PS5yqFf-1,2.0.44
0LZsOORSwyepA6hp_m1TlHpviuUMnX-1,2.0.44
0LaZKDoyHD-YN7WMC6pzDjfuiFSX--r1,2.0.44
0LZsJYGSu79IJ1ScNbH6yOBxim70U-D1,2.0.40
0LZn-3s9pVI4FgkHhVjzDXheYn39LAL1,2.0.40
0Lac-oxvftuJtmVKt8O83fmOGrfMA3v1,2.0.44
0Labr8dFynFBw-uHCJ8l260Wm16FN-m1,2.0.44
0LaYIJy3AhO3Bv9I8Ue601nB1Qh1i4-1,2.0.44
0LaY8f9RYfbWE-w8O0aXEbY-WWfYT-h1,2.0.40
0Lac8q_-7iEd0MSUpcGKjGBs0EewOK-1,2.0.44
0LZsD8n3qml9A_QmYG-4-qH2mkGAWXg1,2.0.44
0LaYTVTbTF5sLe7dBTSL6xcDFHHGs-h1,2.0.44
0LaZMrjS8uwMnw-4-aGxEdFJ1n4KiDD1,2.0.44
0LaZ-Sa2MEIl1dT7VHrhIgtn5GInLNA1,2.0.44
0LacPbacKHAaVfQVfzFzg2NFGN4tU-o1,2.0.44
0LaY-TaIROzrFZU2KWvcrWmCqaKbOVb1,2.0.44
0LaYY9_J7dIp-n1STb-l-xZb9qU51DS1,2.0.44
0LacDJFOXJI3Netrbzv5hyAGF4b7F-v1,2.0.44
0Lac-pQYLLrxLG6u-62knDEWA0VSc5c1,2.0.44
0LaZ-h4F2NA7_TLmEP1hIhBnkHrwz0a1,2.0.44
0LdSSUH-ORq721woiitV-z-g2QZiLxj1,2.0.44
0LZhqtFBBjPkZl6EChcWntkpY1RnfC-1,2.0.44
0LcteL8bvldg8RAhxanM49NMmBYmp5-m,2.0.44
0Lac-BG-lzYnJyrhoMY6bdMSCBd3nDW1,2.0.46
0Lac6OYuYfBkGfp_-YygtYwJsIXQHx-1,2.0.46
0LVCd2VR10WQDhJBPDAG_BCWx4jhV-u1,2.0.44
0LZsJxrE9hbeDioVCXG4lIaVnkQHK-81,2.0.40
0LdWaZn5C9zb41QgfhMDXGbk2TKQe7-1,2.0.46
0LctrAc9UEX6nQ7Wkx7zaas_jUt6D-Pt,2.0.44
0Ld2iyeW9SuqNFc5NJG6ayGQQaFcbc-i,2.0.44
0LdSUgGXVURdejEfSXwsQurdh_ec9Y-1,2.0.44
0LdTGQ6WiIcvVYyHUuOXuyQDI8HVmJ-1,2.0.44
0LdT-IBzk42yzk_KO7G3khbWew5X2Mz1,2.0.44
0LZhyVQti2j3g4d1-0PzZT7bybTA-V01,2.0.44
0LZhVqdQz8-nSELoFaZbPCAWklPWi0-1,2.0.50
0LZhyObrxfcCC71NsdbLfyydhXghh-l1,2.0.44
0LctnlTdFKMd-8-pXTJWgrOxVOHE48Yq,2.0.44
0LaZIsb_Dp18ROxp78SCE5YwPiMMb-X1,2.0.44
0LdWNISp-N2RoHBKUspJflhj7OiS0-n1,2.0.40
0Ldai9PENwWTr4Q_7pIG82siG_r_-v01,2.0.44
0LZhcjOIX-jCx1wEsahue7fnbUwCn-01,2.0.44
0Lc-MfQQtdVQrN_IYgzRgSXguf1E0hr1,2.0.44
0LeP-FF7WGF1XX8gzq6RVrI4pjQYmYg1,2.0.44
0Ld3-B7sKn0zerX1mCks7CzfGWdgVy55,2.0.44
0Ld3-y22AW9q78e-_8yuqp02Y2HlFqP2,2.0.44
0Le226EA43v2HpgZS0SHBeYq9hfv7-91,2.0.44
0Ld9NBhT3fbTr4BlU2l2hTJNNyLLB-12,2.0.44
0L_Fmk05-U-Q3iw5wB8BuNa4KOt9ubK1,2.0.44
0LdSpoQRb2lsCp8_ksL-lkF0etqD-711,2.0.44
0LaZRsLCHN113uB8DgCPq9ZvDAy7Pe-1,2.0.44
0LaZCn42jppUfzxVFzJfnrA4m-8-H0O1,2.0.44
0LeJnLGoHtXI0XZF51MZwhjEMF1K3-Z1,2.0.44
0Ld2wGJjtwf-NCqNNWleHGzlhhxe8Y-h,2.0.34
0LdCJqRqwWq2mkU1Z1W-b-RkxDE7xow-,2.0.40
0Le1afSUjY2W7Y1ntGtd5r6dZzcUbj-1,2.0.40
0Le1c_bK1Yf7k17m3jD9jybu8Ue1zs-1,2.0.40
0LeL0hyFTWhL9KWzM6MJpi3svhxQ-801,2.0.40
0LaZ-Y4K6pTs2wTC3wu_2duiMxj8iJg1,2.0.25
0LeP-Ms6ktho1OSpcPWP-yRsRuzQFXL1,2.0.50
0LaZCCw4pe1KzSXRcJYOl9TEM9CPe-d1,2.0.25
0LcZpPMNkrVUUQMb7PWsjITz9zfa6O-1,2.0.34
0LdXeeO8h7ay9gSyy3n0-RMaU-JnZ-D1,2.0.40
0LaZR68YYjlDgrVzMm_KY-gIYecDa-L1,2.0.25
0Lc-7CFTGd2qngNBGlUWFLjmLE9erDh1,O2.0.40
0LdSXOw_vA-CqFEupM-6-XaIcpRDPb31,2.0.44
0LdSYTGLl0Ki8VYNCG42-cJwooo-xS-1,2.0.40
0Le1wSGZeo4neB8O-eKJpZU1uO-3Z-21,2.0.50
0Lc-wl_uX5jtBstW0GjWe9nK67fse5Z1,2.0.34
0Lc-L-jx4D40xPkPmvx_hzjSH1BI77v1,2.0.34
0LdBgwzEoyfK4y41yDeqfbd57MBG2S-B,2.0.40
0Le1pQltGQzaDWCnfraJiImu1NLXVn-1,2.0.44
0Le1vM0ASds3PW7MVPS30Lo8b2ZOYT-1,2.0.44
0LeGb7iqqQUyAzlR0sRxAR_0X1cJc9-1,2.0.44
0Lc-Gw4rsMbfZbEZ3gAmv2hvxz2TM621,2.0.34
0LZsWdoyDm07OMU2nlZa5JZiX8Y6u-k1,2.0.25
0Ld3wM72il_-LE0sg8Ic54fwV-e-kzYc,2.0.40
0LdY-EsZ6cGMxiDXDR3YLyPp63Ku_6_1,2.0.40
0Lc-QrxS0CnLkiFQGeL6v6VdN4ZYIO21,2.0.50
0LdY0XRqGQNdp1QXEiG8v2NGK4CgiT-1,2.0.40
0Lc-xKYuk1oc0EunPtLpI8IuOyvF7ZO1,2.0.34
0LcZHGlwiBxUJGBw5D-_QwxWDVRlK-A1,2.0.44
0LdT1y2LFAAvxcVLWZtdMeBnL2gNI4-1,2.0.40
0LZnUPGodxXGja60EICJ0bHdKF3b4-v1,2.0.25
0Le1g1D9vTxDj0vFaDKgIETLaHY-q4-1,2.0.40
0LdY-wpShNFysFG8lASw73tmRZv7G5j1,2.0.40
0Lc-TEOZa99n9cczQ5hPAEV8e34EVii1,2.0.44
0LeGBrRjddks04NoaZKeO1lyIrIp5n-1,2.0.40
0Le1YcQmHqKTPgy_slJ_m0Uuo0FT5_-1,2.0.40
0LdXiAsUy4YJvOO7nnU8OKgi1SzlrR-1,2.0.40
0LcjhgqePUyhk35MMNNj-bm8aggUK-Q1,O2.0.40
0LTfs2kvyB28xS2QJBa7NQ6M26kj--a1,2.0.24
0Lc-OCiJWxBi5rOhGc0XDn059ctRBrO1,2.0.40
0LeGrIY0queWS5fvJAmpr1nl8GsTPZ-1,2.0.40
0LdSJ0KrdQfX1lR2xC5e5rQNtgOfY2-1,2.0.40
0LeH0Pt-v7o8FEfdMOVVVyJHh4Tdb-W1,2.0.40
0LZs0tcfDrGoeXPaZ49I3wdXXKwYMZ-1,2.0.40
0Ld3-djzSCSAZJIfsVP6Fm4ZruoxsTlJ,2.0.34
0LeKNvxhUd58yRQr7AZ0MBr0jhTsEM-1,2.0.40
0LdY-IA8wGzBojyw7AzongSwV9KngGK1,2.0.40
0Lda_oDgXrNH1gSys5S2qlJv7bbFfx-1,2.0.40
0Lctomm0JTYaJ3l-r-bWNqXlmA3HHjXy,2.0.40
0LdSXmq3-ACkkSpwFBQlP5EuI4aBz-m1,2.0.40
0LdSOTzLPLTIa4LoSzPnDMBCuYqthn-1,2.0.50
0LeF5PO0jTd1UZBRQNaWYdZJgVKdV-M1,2.0.40
0LeOx57O5j1fqIu98_yPMQlk9z-htf-1,2.0.40
0LeF-u8EF3jiOAhfy2N7mwY_AG49fGR1,2.0.40
0LdSe3g5KHUkXHofgR9gTJF19ebSsm-1,2.0.40
0Lc-6yMq9Tag-CM7bCqyq-7IC8jqExS1,2.0.34
0LeGq6IRDmM5Q5NFBXuuSh9FrDWT6-N1,2.0.40
0Le2-9kWbolmsXfsyu3UkgZqzmMh9GG1,2.0.40
0LaZXKNdMPHWpemTYOSTrs25d3lPN9-1,2.0.25
0Ld2ZBCpMpGUKE5P5UowsyEc86Y_HD-t,O2.0.40
0Lc-SwzBXh8-vsyVTP3TcwIBCOGaHnt1,2.0.34
0Lc-RBoG478OPq2yGYSmw6qUd428E9A1,2.0.40
0LdT1QSoO7fGzaIUhvw8V0XW7ihQo-71,2.0.40
0LaZ6BzVC3dZYcJ-70-xsmLPfDQazDV1,2.0.25
0LacH56Xuu_WPi-9-6Yhzc_B4cVwFGj1,O2.0.40
0LeFLqVGIECMb_tarCBhcNONGCqKZg-1,2.0.40
0LdWjarBrLPyZ16rEFvyXd3HRnflF-K1,2.0.40
0LaZ--d660fo8XlnTJQzfZZTmXzvG7Q1,2.0.40
0Lac-P_Hhy62IFvODaWWtAIN5gFYwGk1,2.0.40
0LacXIxMHnLUblWEXNDUty35acPfU-r1,O2.0.40
0LeGLro2Cjr-72N-bNAbLuJ--Q-WllU1,2.0.40
0LdY-BfIK9Vbrb1sKVwgxzVuKmM0qpq1,2.0.40
0LeLhEGekpFD9cpFXDMxia2Czat2vN-1,2.0.40
0Le1xYt6-yV4YKgxHP_bJI1_Rec7vS-1,2.0.40
0LeG7WZwWL-R-4-shSZrdLBy9fUgViq1,2.0.40
0LdT-jIxWa5gngDOeYUvvbpM6AUWMf91,2.0.40
0Le2-uxByBrFqR1QNndmXmF8IzIVekr1,2.0.40
0LTf_L5PTTjkDmzs3f_5e-I_fzw7m_-1,O2.0.40
0LeG_16QyO_XEviCU0CI8m776aD1-Ig1,2.0.40
0Le1xEUTj571-Ya3Bl_yQbfjU8xjK-m1,2.0.40
0Lc-TavF_tuV2PYAj3CA1eQd1sVdq6w1,2.0.50
0LdT--VzzlAyB7ONStFrvOS5-4MNh1m1,2.0.40
0LeGZxw_SPIe5FxC9kuDhGv9NEkOmU-1,2.0.40
0LeL-GE1ERB4nFyQTGeaiCX71I-l3Bb1,2.0.40
0LeF-Fmtpzto3KshMXSAFihtP7-1ysp1,2.0.40
0LdXiHXtmA4d7dRcQMzOBnL6IsU_xa-1,2.0.40
0LeMOlJt6SPBb-_COMKUFmy3pXEHk1-1,2.0.40
0LaZ-vZaKpymilTEy5UjvgKMd0Kbr_e1,2.0.25
0LeQ-5LwBs3H_FzapX-8diIXkCuKnh-1,2.0.40
0LeL-TZJ5UnkEKPzgMiK_mPwVJU5JwD1,2.0.40
0LePMVim38NGXZDBX0PS5YHZBbfkVg-1,2.0.40
0Le2S2CwEW7RmdFL8u5f6X2hSZ-h-vg1,2.0.40
0LdC-LvXlJ76epOlBv3ZRqqGrsrWp2aL,2.0.40
0LdWbGUA-Q-w9KhglT6zyO-9zfoxEbS1,2.0.40
0LeF-5ZGSQICfwkaBI3YBxKv8ZY9MFc1,2.0.40
0Le2-oVcSwuactZ3Q8RoT1snNbOmNXI1,2.0.50
0LdSouHtJ22Bk4vgnW2N2dnIYuho9P-1,2.0.40
0LePKI8-lyUGnIKOh5-Onm6_G_z5bE-1,2.0.40
0LZn-W2r0kqhvwt40_daiEEa2chIdig1,2.0.25
0LaZX-xuRxLCpYdDlJR7lRFgFSHr5ZB1,O2.0.40
0LeKPGYGfYDZ397y_2gQBVhfEnfRC-a1,2.0.40
0LdSs-7eXXvqX1aKVVx5S1YObdRgM-d1,2.0.40
0LeF-IlazLo_e5CuIbG-lZcJOUeluNs1,2.0.40
0Ld8-Io3iCzVdxdgGikgCObZZ5k4G3Sk,2.0.40
0Ld3-hmcj9KgKb4JyQi8dSjcBvkstqB4,2.0.40
0LaZgHaRD5NEB2NfrLtA9ldYR1NVK-w1,2.0.25
0LdSsbIuMIWXdkRqV_gqE6vFPHpFG0-1,2.0.40
0LdaS9ba4J-k7_4g_i6aUrrCw8lUr-11,2.0.40
0LeFushPDS2i9B30S0CpDWmMJJA1_-Q1,2.0.40
0LdC-gUCYWOABPDlqM8MptEsDAA-T_LH,2.0.40
0LdX_yk-b-F1B-GD_DADKyZxVAuVzja1,2.0.40
0LdSdN_FgAgkw5E7pFaP7lH-n-_zyUq1,2.0.40
0LdNtjHg85CMmAtMCizmnWWEyGrlzW-1,2.0.40
0LaYDAArZY8gDmG7Y2aPUzo748Plt3-1,2.0.25
0Lc-RTfTU1xQyU5lJ6nkrq8oqiW5R731,O2.0.40
0Le2-5mGSbdFgtVEuaxAsIpZqvMw-nM1,2.0.40
0LdT-bPN8gosfnsRUEvTrRjVpNeqStr1,2.0.50
0Le2-2Zr4WHzGQzlvFlhpMeZ5iP8ygm1,2.0.40
0Ld38h9l37gag4XNitZopy9goI5EYs-s,2.0.34
0LeKZ236M0sPIGe0n2qsqFgpe36edF-1,2.0.40
0LeGAzWIXR1b9m2JR2yo70v4lEKWS-u1,2.0.40
0LaZPrdWyvYBSzeOcM-dDYa8WDps9R-1,2.0.25
0LaZX-WU6kc-isoW6ZR0zPEknGMOFRY1,2.0.40
0LePWZtdmhhTtSSkS1gLiQWvYeu5Kh-1,2.0.40
0Ld8rCJtp5xRlamKf_-o-O9kP68ozAyJ,2.0.50
0Ld8AKLXnMe1Fw0mFMMFLXO69586J2-R,2.0.40
0Le1YVTuvdjcKP11Y-zZAyVu4XYp45-1,2.0.40
0Le1VcqyWZKCw1RlQO3HHEy0BtlkZ-o1,2.0.40
0LeLSONnG8LeRX-8PKzdoTFA3CndGT-1,2.0.40
0LeL5W6F0-4hpXtrKC-rU11_0C0Le-h1,2.0.40
0LdfoZ8kgTem2wXkpESkR7qk414MRs-1,O2.0.50
0LdT-CZ8VmfCWzU2W7afkw0tsMDaoBo1,2.0.40
0LdMT1N8X_bVECSBv67JFRnJgRVQrb-1,2.0.40
0LeM8a_Tw9NQn7vicU5tzFbDQrg2dA-1,2.0.40
0Le5RrMjEclSEgLFSFlvz1hn-oYj4-l1,2.0.40
0LZlaRQEGWQ5fNwzzGHy9NfG-IPrb1-1,2.0.50
0LeL-gjJz-7aehI-fVWyh0Z31HVcS6r1,2.0.40
0LdWmJUyH4NFd4vmC-LP_Nys5lj-9751,2.0.50
0LdWVrGl6N1B5YmYbV3B66NuJ38LLF-1,2.0.40
0LeGHA0SuWqxaxhUnV5Z9jY7JDJsNV-1,2.0.40
0LeLGeCVrX8WuF-wrdPT1Jsv7_ndS-U1,2.0.40
0Lc_OdOkR6mYkCaM9T58gn8QwLKtc-31,2.0.34
0LdSSktJFVTDFJyHg0SAYC4lIr7sJl-1,2.0.40
0Lc-zPRClNrTS7muA14i-jl0ctaeDS81,2.0.34
0LcZxzbxP2bjP7unBL6QkPerohX_C-V1,2.0.40
0LeHBC-Q-xnZ7HRRpcTRwFm3VmmxXg81,2.0.40
0LdT6caHLYsD2CyvLix6DD-menAiiW-1,2.0.40
0LeMEgXsyTk_W0pmOniZdnXgyhzKAP-1,2.0.40
0LdXU0uL8NIciaj-Y736xhHl84PqNx-1,2.0.40
0Lc-LqmSc0J3UQ0RXBu_FA9lkjyHPT11,2.0.50
0LdT-OVz_mDm2nkSZA068lfNQaG1rXZ1,2.0.40
0LdC--o-M6ZJ-DVOKCaYDYbaKFlBhP0B,2.0.40
0LdMYdOpv3x-VHhA2YfUEFvDW17tPrR1,2.0.50
0LdC-uLeChSx1fnuYYFA9lqgCdsTXSEL,2.0.50
0LeL-LyUr2I-LqW6GMp4f_lV0hB_awy1,2.0.50
0LdDDhHbwMPkH_2VFKaE-KVevNrbgd-1,2.0.50
0Ld9HXDkQdTGFmUaz6VCgo1hVbaU0q-5,2.0.40
0Lc-LZjna_q-JUGZQdx-ZByuPV5Zu331,O2.0.40
0LeG-2agDVQ2vl0GYSGm0zSYYE0LURr1,2.0.40
0LeL-4SWzUIAywbrkVMc3GxZsRxGxwy1,2.0.50
0LeG-i-6XaZ-hBbCWVJwC1AYYxIn9AM1,2.0.50
0Lc-NlLc-bJjj9SuqVEKHWoHA8w4K5S1,2.0.34
0LeP4X1Exa5i7l3IJqIEUcga0sMjpd-1,2.0.40
0Lc-UkYh93EBJzhWXwSvOvoRkwnD4yw1,2.0.34
0Le1psR6Y1YsP0FswN6CKou4PZArRk-1,2.0.50
0Ld81Eu_90gJZTWNxX7bOubS-T-gG8mG,2.0.50
0LeK_nkYr6muozmncd1F-nJs47eqDl-1,2.0.40
0Ld3-q6XBx6FYlGR9ZmUKA8RsR1MA5WC,2.0.34
0Lc-tuYwpr2wL1L22MqgpEP1RJBqec01,2.0.34
0Lc-uci65utuaR5aQjjTyL5V0dyA9Ye1,2.0.34
0Lc-AmD56-M8sJ2fJ7AJsuWmuoVZ99S1,2.0.34
0LdaU3ph4TSY5sNu0gLpJFuydB8nC-31,2.0.40
0LeP5eWUgDe6chzQhB0ChW8n-LiCY-Q1,2.0.40
0Lc-H21WBWhLrDq2tTn7iNmBtUNkOUh1,O2.0.40
0Lc-Tt3UUMjONh7pco-M6VbmMjDqc7K1,2.0.50
0Lc-TdZ-YK2ZK8MCaRZLMTXlj38W--I1,2.0.50
0LcAAEra9HB1hb1NAtr7Xt3ZGVT91W-1,2.0.34
0Lc-U9C6Y7RWJ5y-Ai1DGx8jVpy1_zO1,2.0.34
0Lc-zl-z2Mm6jvK8b5NvjtcZfVKAKAL1,2.0.34
0LaY-miDFV6I76hkd0SYciBIQBJBzu71,2.0.50
0LdMWtnKNla-piIimE-HhDsQGmESSQX1,2.0.40
0LeP-j3QEmf6ZDuhy-A-gcRKUckFZf51,2.0.40
0Lc_NJP0_hEyCcXjb1_Fv42hUB1iwZ-1,2.0.34
0LePimbcdpok1QyZ3X5OboVgI4G0ft-1,2.0.50
0Lc-X0jirlpVX-zP8Gc3r8Ar7Tj3YF21,2.0.50
0Lc-wH3aGHSX0P9HZM-9tYu7jIhuCmZ1,2.0.50
0Lc-u79cr5sKlUCInv7_96FBz1-L7QC1,2.0.34
0LdC-i0ES0EVybKeNvo6m4BtPOFuxFzH,O2.0.40
0Lc-sx1AhxqQbiepXzX-_5u68CFj3ah1,2.0.50
0Lc-vppPIKtao-65lPsOyE6u2QO1yZH1,2.0.50
0Lc-GQkvfjAItxPWzP1CK4JddxA9j861,2.0.34
0Lc-6ZpE29S1V5LRgsU6IettbMDfZMv1,2.0.50
0Lc-yRdxrJPueWBpGeb41oOBOXe3nf11,O2.0.40
0Lc-yZwaoyWfz971pxrMmqv5KGsMr4o1,2.0.50
0Lc-yWGVVXk6degt1nZdrpv_5d-n0z21,2.0.50
0LdT-wI6AL1mxTO2TVeP2oLuqq9v2D21,2.0.50
0Ld4JW01XMgklqplWS8EBY4PZFtdS4-5,2.0.50
0LeP-x0BJIzDlZo36OX_q6c57D3XOxq1,2.0.40
0Lc-VOy3Pb3dTSFGJKkkxjrZI37RQoi1,2.0.34
0LcUmUukUBV9z1ID0bPblJEEV0ls3Y-1,O2.0.40
0Lc-3wbedaIBQKDFLtOQKT3JAdOSlw91,2.0.34
0Ld8-g8ZrA4tDrO4k390-ZLBl-YJdaZ7,2.0.50
0Lc-yvqtlyQXz9BHnRHQ5L66vFoJJLt1,O2.0.40
0Lc-6Ee2eJIOktQwadd4ZAPoLqhmWzu1,2.0.50
0Lc-DexZt0uPhsqUDFFhDOxUwrTcXY11,2.0.34
0LeGK1s8aQo9X1k0UODK2_Orizaglf-1,2.0.50
0LeLSZlO-tDeSU3tvUcUoAx3JWYMmY-1,2.0.50
0Lc-O44sx6eZvr0EDNSUpo9k_L4lhuu1,O2.0.40
0LeQ-Hef9S3sbiulkQN2ZG0Hud3VUAU1,2.0.40
0Lc-yzCzFfhTwOPd00J98fAzczD_JPI1,2.0.34
0LeJskflXn5Q23XsYRlAxd593bZoi-81,2.0.40
0Lc-w_qmvtKmtXbN4K0gIXp7t7HO8WP1,2.0.34
0LeGaAD6lKqE1LVpkMz-WGEHfkiv6-71,2.0.44
0Lc-K6MhpR3OC8sjdvyMx0Pw7bRZ8461,2.0.34
0Lc-M7KlRyapgJ8iPfUXOm1E6l2j8mR1,2.0.34
0Lc-xtsl_XiJZRbLhu3CyFUPvusaVD81,2.0.34
0LeJvoMDBA1c5LUGADbO0GeTzMttqp-1,2.0.40
0Lc-xyCXJmHDXYY-z2M-MSJqWyyoptp1,2.0.34
0Lc-Uj_jIYmmjfOCqYjokJuXiJQmPXg1,2.0.34
0Lc-VZ-n7DD_TT9Yk0oNMPBLlc1WQHx1,O2.0.40
0LlQIAji5LcgSjwUs-v-4rTBZau3pDye,2.0.40
0Lc-FCTEK3yfm6fd8vicdfMawRkdsvW1,O2.0.50
0LeMDYqgVM898w0c0lFWtsVvtixor-x1,2.0.40
0Lc-Bnm95jrCepx_wbdMhiggj65qWSg1,2.0.34
0Lc-8Ezm3ONnA5sTPUC8l4mGV5w9P9M1,2.0.34
0Ld46z-p-nJp_i0twAj-7AFsjCxbbGE1,O2.0.50
0LcVb5DQYS0zLGdYcWqvUwDLh2dDq-31,2.0.34
0LdX4CEUV7pIIbzHpPK5AOe2hHD6Th-1,2.0.40
0Lc-XfKpC1OQ-H4NwjeMVESnRPuQ5yD1,O2.0.40
0LdBhm8Kqsg3naj_iFwz-rKrjWgB1u-U,2.0.40
0Lc-VXlEYOKInrn42RXCNXR2hy8VCjB1,O2.0.50
0Lc-RnY1_TbiD_7AWH3Bwt7DUzkqZYz1,2.0.34
0Lc-xf6-boxDIzmbkKydfb1P6esgkK91,2.0.34
0Lc-t_7Q2CARoBzYsgEfiuEcnTU-YYa1,O2.0.40
0Lc-LkOa1clVzlXidumhVIE8E-ydsJ51,O2.0.40
0Lc-tuz9UPBqpouMzq-KepTR0ZrNabW1,O2.0.40
0LVGbdg2S3LJjBdMYNytkM9hcTBZe-O1,2.0.40
0Lc-XmdyBzqd9kYiJOlDWr9SAMcM23a1,O2.0.50
0LdMRwsc5VPWlT11KMHN5P1bN-mlf-u1,2.0.40
0LdXYkUJyBrZ9OqAlUl4T4l0BVlff-L1,2.0.40
0Lc-M8jq69CKJ129baH01yedUBucVsX1,O2.0.40
0LdC-s8FwbWky_fYMdgTlAgMpVIpfQ0y,2.0.40
0LeUa2IGhMozFETgQfbBejT4A2acDH-1,2.0.40
0Lc-FIMU8U06GB6F1eIMiXkJ6w8P-bR1,O2.0.50
0Lc-ABiDKgZvZ1HnnWISB3gw1qdXW4R1,2.0.34
0Lc-vLXAsxKPds6fAGapYKLgrGwKncv1,2.0.34
0Lc-Iq4TTdwlO7MSc7gbh5UFuA0PcXF1,2.0.50
0Lc-64boHxLsdJ-rpvy5ES7WddLVMEg1,2.0.34
0Lc-3t82ufxigJGfzTgjVckyv-YMEVG1,2.0.34
0LeLB9o5V91EZgd4bt5aU2D-U-HgmHc1,O2.0.50
0LeOy0qKUe0EuBtp8C-L-A-QhX9kBkH1,O2.0.50
0Lc---xXqQxpL5smIfslB3FY0IGl26R1,O2.0.40
0LeP-E7UUyOTxyzR4OkqYNjd41UAojF1,O2.0.50
0Lc--OdPDOwDSb4IhmtAkrKv0uhEn0d1,2.0.34
0Lc-yNkMdkMcH_akZ04lHNdwH_n-5tw1,O2.0.40
0Lc-5zF6zQjf1kELlgtca0A2TnXHDSu1,O2.0.50
0Lc-SzGee_tAnOc5MfEOV92hsBpZKFS1,2.0.34
0Lc-1-Q223cJ9y9_1_INUp_ve7TWh9e1,2.0.34
0Lc-FUMlC8HJWDqeDprJkFIS_iUb-px1,2.0.34
0LePQr67cyr4bnu1LpkWCrm68NrUZV-1,O2.0.50
0Lc-NNF5EWernJWTJTO_veGOj-XPoRp1,O2.0.50
0Lc-wau1m8dhHCkTw2Q4kZo2GZ8O5cR1,2.0.34
0Lc--xOJFqstboZJZljPtiM7BAneS-31,2.0.34
0Lc-8_vdHlmO_8fGOxrtObeiZsEhzeB1,O2.0.40
0Lc--_dqO2M3FjZE7hLD-mrpR1q3m2O1,2.0.34
0Lc-E4NN85_0SBvDvQ2enJq7qeY9W0Q1,2.0.34
0Lc-7zhPGYQzAZHVD4IQxxnfOydaWTB1,2.0.34
0Lc-tzU0HrT7-G1xp-_Ld4iRnM8lUWE1,2.0.40
0Lc-yKu4qMmD7g-_E4p3ckjWS_JkYhd1,2.0.34
0Lc-CeiDeuYc5T1maCbA8YDt-DZ_moV1,2.0.34
0Lc-7txy8LEz5HV7H8mgMc3yMRNIJfZ1,O2.0.40
0Lc-NvUb_uLkGvN6QsQDxmgb9ytvR9p1,2.0.34
0LcZEyRPxOkNRJPgGKp-e-y9n8wFilF1,O2.0.40
0Lc-Op90h1wMkqy4t01EnYrk4-Cu7pE1,2.0.40
0Lc-XbRklqi_pUnd1ZUEKNJHSVZcuwH1,2.0.34
0Lc-FfgamMzO6U93lNfCXYw799C5KRy1,O2.0.40
0Lc-76DDQcr2ODr2cS7A73EOKJpLwTt1,O2.0.40
0Lc-8gDC4BrFe1hs_om9aaNyw2Cg5W21,2.0.34
0Lc-SE8KVfitfNUqAkE70liem3BFiaF1,2.0.34
0Lc-Wy2NInwP2r8WC_hw-3ArkJe_81F1,O2.0.40
0Lc-6-B05EqZ3xZRe0IMP-84MQFqoK91,2.0.40
0Lc-U14TUYVHtj58n7_bScilrd47miw1,2.0.34
0Lc-xYnvpJcIk3wFphwzMojds-Wle9B1,2.0.34
0Lc-TRT_EF0SknRkGP1_19eCWVAZ09K1,2.0.34
0Lc-2p-lr4hZZFSFtK49VXHmOLOh3zj1,O2.0.40
0Lc-xpMjV0_fVGqzIXnt5iYLrsC1en_1,O2.0.40
0Lc-59hImcMW_APa6XJcC42-wXF8TVp1,O2.0.40
0LlUM8wA_beeWOeYvkhguoYDXKPFNK-B,2.0.40
0LeM6M2HDroKXcstWRpA09dAlwkAHE-1,2.0.40
0Lc-Bjkq-NjAYAe14LsmcvgWUNVP77i1,O2.0.40
0Lc-E-Cr_98nuUmtHMfyiCsJh8D8kgA1,O2.0.40
0Lc-CWFQCJJ1ad17mi0baFGXya_ECV51,O2.0.40
0LcA64pO0Ip0HnUdvQEwe-2-1KbVNCp1,2.0.40
0Lc-PPsDBm96rbuqjGJwSCCSrf3DrsI1,2.0.34
0Lc-4IdLclfI_bV1gsxAuKkiRmo8bur1,2.0.34
0Lc-D-Z_1abSlnrD-CVUnBKk_8wuXgA1,2.0.34
0Lc6okzcnqhfLxa6GcXEfhvnWiy2n-Q1,O2.0.40
0Lc-GW0CCBfbQR9HFbbKct7vJQNl5-b1,2.0.34
0Lc_DCbbTr6nvpzz5e3_GHyBzxLz7t-1,2.0.34
0Lc-BcGWJfNf8oKurl72F0ev2J29lwf1,2.0.34
0LlU--e9W7QulsHYMom6O0VBBA5hZcy4,2.0.40
0Lc-UQQdGkbAkolZf6xCWtM7qxwIXDh1,2.0.34
0Lc-Qpv5vKkncmwtVqqFNGAasiedUI-1,2.0.34
0LaZZ2_Sp-o8mGd3wczuiSbI2VnLRU-1,2.0.25
0LcVgjn9zqlRosxIjAsg2A14_d8Gw-91,O2.0.40
0LeGPOTpSr5TYqUGuHFkOdGyb9tDX-11,2.0.40
0LcUynTO0-8cIMuYBBpwsorXRVtrg2-1,2.0.34
0Lc-9ZsBbrDV3q9Mm3nbOeRo5_Gl1gP1,O2.0.40
0LeL--a8FREgIoIeStbJ90P9BohC09V1,2.0.40
0Lc-SLcfvgWiaBRU4l85mNriMTEw_7i1,O2.0.40
0LeG-Gw8fctsMys4UQgxPrNSKdAkjCf1,2.0.40
0Lc-356oy5Q4taho58TZrefVu1GmpwV1,2.0.40
0Lc-K2lmZul4AJQn4qtd-Lsd8B9uBNY1,2.0.34
0Lc-Q9ROb-GgClifPMtBu7x6_yQrqhW1,2.0.34
0Lc-7bnC27bUJLYi466ninUF813mp8h1,O2.0.40
0Lc-5QHg26NGLofgPNV2XZ76gDq6nLU1,O2.0.40
0Lc-Q6c_1wcoQiPA4NaJnGRWKnKeZC41,2.0.44
0Lc-vfYyntOHl_JQvVjVVtOUVYtddq21,2.0.34
0Lc-ArnFvE0TgMzRyKT7TaoTSCXRcE91,O2.0.40
0Lc-vxPokRnZzbHD3I8XCrIwuX0bSit1,O2.0.40
0Lc-Ch5XQJk2l6hVjdLWjqnmVQRy-lf1,2.0.34
0Lc-EuxmYBdEvgLj3FdFKVOK1TxwLzV1,2.0.34
0Lc-IR19dDY9AVL-OoimlujTnmod81D1,2.0.34
0LdC-1NSuVt-SNNIcwbfItMjtuUEIOob,2.0.40
0Lc-8NXCg07tbbk7h_X_ppIeAudAtre1,2.0.34
0Lc-VkPhAFSsslm1QW0dWxVJ00gUQjy1,2.0.40
0Lc-AwSxPzGFbJPGSVuJ90zk8OqDqGf1,2.0.34
0Lc-9_f4H8dWu0S9J49WEJ0o9iX6XRg1,O2.0.40
0Lc-5s5iaRfYwKt8p9FCIj60Y34kIrr1,2.0.34
0Lc-xAEqlQ9utp6RktlK5H4kKHLPf-l1,2.0.34
0Lc-EUvA33EBvqfJBI_Xgwfs5FerQOY1,O2.0.40
0Lc-7QbnSrqjNlm-XDtaK_jF4wD5AoP1,2.0.34
0LdD1TFfNU2oyQy-tQfPQYWEudoE9Y-1,2.0.40
0Le1vAMQhoJ5oO9SmKwXRtzafwa-5791,2.0.40
0LdY-MoEKRypTVmWwsfMeu5ekGtL8Jw1,2.0.40
0LdC-GpZaw40IBiOAlxJ2evbwfM5DHzI,2.0.40
0LcZBCTit5Jswd2vEBt3ci7J7XWnOh-1,O2.0.40
0Lc-wYo_cgBsOB3CIgNAnXn3inxmrJV1,2.0.34
0LaZ-OUqkHkf3GUByezSQUfQ0HnEOF41,2.0.25
0LdT-zCt16g1LfVIW3WiIYQAsOAsQvb1,2.0.40
0LeL-AYCM9txp1pmn_cA4_3PLznx-a51,2.0.40
0LdXj9sEklrDpFZbThmohDAPxgjKmt-1,2.0.40
0LcUsfdD0uxju11wJCSQianGxEqW4h-1,2.0.50
0Lc-MsoOZjeD5CozWc4xzTdaYkrDWSl1,O2.0.40
0LaYDRvx4_KjqbYaoFQLL-lk0_c6q-R1,O2.0.40
0Lc-Ef_bHKkKtd9y6f0S2VFdNikX2xF1,O2.0.40
0Ld8hmQE_MHfL5p3qNiu81WY8yl4I-50,2.0.40
0Lc-u_0ZsIuwLEyb4HwWKMHIBZoDOcv1,2.0.34
0Lc-H-3Gh6o6fnewTOZZhB0WbC1W-kA1,O2.0.40
0Lc-w5KXLYHseUzaQkao6NjNHxZJo2K1,2.0.34
0LeLSsEKT28cFbLfdpXtGiOUpggcYe-1,2.0.40
0Ld8-_q3jX28uJYGQOjxYPxK3ID9Izrn,2.0.40
0Lc-MVMMkyZ5sRy3SEaJOIy6n4MrXa51,O2.0.40
0Lc-zeF2F-z-O3_ZSP9vFk6h1AHNyC51,2.0.34
0LdWSdu21zqe-AJNZZtvhVMhW389g-X1,2.0.40
0LcjOYZ3YsR5LVMkbdVP70wiBMY0g-N1,O2.0.40
0Lc-OmiiM7EShMRwZJknVc0wOOg257s1,O2.0.40
0Lc-yjz-gMS21yIFf6EcDQlkGmJIv0V1,2.0.34
0LcVlfo2DRQLFEMijw19soYByorl6O-1,2.0.34
0Lc-AfSxS-QSeDu1jmDXK-jq9Cxw_al1,2.0.34
0Lc-EIdz3Sj5bW8ib8OEbiifG4edgKS1,2.0.34
0Lc-GNYLyERG0RQlLNNPUStxqiqGUMt1,O2.0.40
0Lc-N4MVesvwK6NOUGFEnGzfezrWsx-1,O2.0.40
0LdWvIKElpoyjkd-TAB-i0t5htGLbh-1,2.0.40
0Lc-F7_qIe86cClO5jKpQ3YYFRE8GEE1,O2.0.40
0Lc-GlpAoz5x7jVMtL_iMaV-kO14F4y1,O2.0.40
0Lc-9-ReB_Z4CDQ_1xuIzxOjd-SLrpg1,2.0.34
0Lc-2PgCbu8VfErBhbtv9mu17ZnmxE41,O2.0.40
0Lc-CWaC_5sgjJizeGx0UvCOSCFaLAH1,2.0.34
0Lc-Bhfnqzy8-Ph1s7JOn0t6xnFTCGI1,2.0.34
0LeQ-w6vGbkgoR-uGruksxQUMSxR13M1,2.0.40
0Lc-DKBR7eoruewI18Q-ST7eEzfUeHy1,2.0.34
0Lc-X6HCSXhelP8PedY13MkiHu9gC1u1,2.0.34
0LeGMFBMQmTMiRlkProhgyOmz2bZX5-1,2.0.40
0LeL-hsnawzy81JKzuhNJ-wher9i_991,2.0.40
0Lc-W0LQKegJMJIZ4kyXOO_tw4NQo4S1,2.0.34
0Lc-GH86DlKcXC9Tjs0hJkc_o5UL8xr1,2.0.34
0LePdx0GpE0Er-worl4qtoADMCtmB-z1,2.0.40
0Lc-FX1fhfePP2iTuw8us3fWswdd_R81,2.0.34
0LdTEr2RO2bp7Eil38wGYRD2ZOsevX-1,2.0.40
0LdT-pTwpxxy8bvsbyBlqbo3E7QCWx01,2.0.40
0Lc-5JezeNrCBaw2QordpSdiLqGfHlb1,2.0.34
0Lc-C5DXdyvPUAz_pnF-3IcsaTGJp-D1,2.0.34
0Lc-WmHVz0zMM8uTCABlkuokLL__g4H1,O2.0.40
0Lc-J4Y8SpMIVt-pyatwObynfEJ_r_J1,O2.0.40
0Lc-7t-F3Ov2ReS0QpUpkgDy8__fJs51,2.0.34
0LdByw-2-UmYG64Poz_MvCrel0SJPxJI,2.0.40
0Lc-WqD0gLqjU46PAKH7tZlGFECnIe91,O2.0.40
0Lc-Ppgp38blwjD1AjLhAtV9wxLHUPi1,2.0.34
0Lc-JqK0y8O8mcWLPkYNluvldRmbrwK1,2.0.34
0Lc-C03uuYbs0Ch8FEnshGPAK2TvvTk1,O2.0.40
0Lc-9-j7OI5gidurIQSCckf3cX2spAz1,2.0.34
0LeG--deIuRmA-NWEzpb1Yuf2s18CAx1,2.0.40
0Lc-MJmz996ddSVYPc16v7etd-U8CfO1,2.0.34
0Lc-49FteYRiHlqCs654Oj7Vhz5y8wl1,2.0.50
0Lc-uixsDcyVgfDl6m6VQb2qBgeh9i71,2.0.34
0Lc-KvZBbugJFh-vbrJngMcnqNLTMF51,O2.0.40
0LeL-oC4orPSbD7pyInOYb3DlNFdAFA1,2.0.40
0Lc-8r5DliwIB9RbAPPyPMdj6qaP-eB1,O2.0.40
0LeP-hVwBdv0F4s-_B0qb8LBvlISFLE1,2.0.40
0Le1wlYUjo7xRITl-kEVAYTMRPg_f-M1,2.0.40
0Lc-QzvPbbQd8lj3s73PXvrCb3n6u3Z1,2.0.34
0Lc-EQeyWChj_2lco0Rrt6pXO1Sr3Jm1,O2.0.40
0LdSQXsaoDoWWHOFOmuND9GLMB-Ch-m1,2.0.40
0Lc-C2mdgtZop1nl2c1vFwsacgkc5MC1,O2.0.40
0Lc-XAJ-hBAxUxFMaHXRue1Tsqz5lPP1,O2.0.40
0LeL9DECJoGQl_9FcnZwj_nNpW9uGm-1,2.0.40
0LaY-9T7AIQ-0D9xZ913khOx5UQjwYL1,2.0.44
0LcAS8TqA-VQw4LvCPacCwdi-A-yzuf1,2.0.34
0Lc-RNR00TtSXUowGu5io7BEG_CM-ry1,2.0.34
0Lc-8YXsZCB6bFoi8C_re4khBhZegy_1,2.0.34
0Lc-ygSC4c2Q62Al8waUlfioADrqQGV1,O2.0.40
0Lc-Es2dtx9GueIDCFJ8uKKb4rC-Fpc1,2.0.34
0LeLWU8GH8PtkvAxgZXl45Zlua3GbG-1,2.0.40
0Lc-MulB9c4dzU9Jp36jR2_Sp1noQfs1,2.0.34
0Lc-OVppbrnbzdirUViNTy6_LlMZXvH1,O2.0.40
0Lc-tG1GzgHiZMxpOIdR9bt7TWwCk9A1,2.0.34
0Ld8-RLugVbaENIyCYVgDqnFAKNLJAZK,2.0.40
0Lc-7FzUyGiARnWw5X1Nzo1DsDxxt321,O2.0.40
0Lc-PnMgiZUAmpouG9KDCgmKHsRyRvZ1,O2.0.40
0Lc-LLKueMinrD-HSdIrEidDghFatkC1,2.0.34
0Lc-uZkhkkgh06CDmCaAQZJ6WeFdwr-1,O2.0.40
0Lc-6PtIpIDfv5cyfdHnyrJQvmh-DN61,O2.0.40
0Ld3bvef5nt7cnS-05-WyhmU8G0f5Abc,2.0.34
0LlQh-D4ff2m9ULx1UalEPGO5ZwOeoY_,2.0.40
0Lc-Ebpv2x18fqw9-sJ0mm0ZANwW9wW1,2.0.34
0LeQ-o7zEVb2f66qE8kfJM6l9Ov_VqQ1,2.0.40
0Lc-Ei4aRxNqeM9vLbzPckyZqmMV-IG1,O2.0.40
0Lc-XH2uKyJstcZ_7sV7vIEnRGF8Q091,O2.0.40
0LeU_20_lDdxwI9rFu3h7th2y8Uj2n-1,2.0.40
0Lc-6MuvxGVWZONsnudyi7INjFeGPRm1,2.0.34
0Lc-FPjiI0DUxguzvEyYIxpKuiEW9391,2.0.34
0Lc-5UARzkQi1CqkH4NwA9LxhwqRYE71,2.0.34
0Lc-MhXLKrCZA3mfXZBo-ebA717mtiM1,O2.0.40
0Lc-tLheAgrxI0Ae190c4xTdI2GB_4g1,O2.0.40
0Lc-XIjpsUz8qyqbD0GkRlOdoRcRCul1,2.0.34
0Lc-7qpFH6MZ_v4y4QgaMCS0y2ILpuA1,2.0.34
0Lc-83_mpVHdQkpsYxac6sor-h2QF6D1,O2.0.40
0Ld8AP859vcOWjTGIqAivJIaI0YQbE-W,O2.0.40
0LeUedVUWnICWzyCipM8rRediAHTu-k1,2.0.40
0LeGXPe-eLEi3z89s2DuhhuX6ZCuHb-1,2.0.40
0Lc-yLhjjEvbFCPCmN5vlTnFJtsLa8W1,2.0.34
0Lc-W-3H8qRBcoeLSTI5CrvgvgIw4Mz1,2.0.34
0Lc-wiRBai1mmhpnj1sJnKX6vZ3cZmZ1,2.0.34
0Ld8L3WTC5plLUcXeXQhCuVGSjsfPH-9,2.0.40
0Lc-Datt0o0uA7zNc-4Z6TspfQZQup61,O2.0.40
0Lc-tNB1j2VxKW9Lt3_I7zS8SzM5XwY1,2.0.34
0Le2-PxnT307ij93fP_VHS5qs5q0s-P1,2.0.40
0LeLU_yCnjMNuUKhwf2z6vs3-7gJ--R1,2.0.40
0Lc_O4fgq3NAUGRM6qOtbOwxKpxN6-o1,2.0.34
0Lc-RbauPboSepBR6P-1z6b68TdfipG1,2.0.34
0Lc-zQUU16o44bJlVu56dT_uLFc7rRF1,O2.0.40
0Lc-zwjlDBq3OuwVFzpbRGrofd4DpLI1,O2.0.40
0Lc-NGS79CXF0AjrhtXV-t7qMO_kl8B1,2.0.34
0Lc-5tjK6acdFcwedbJ7S52sUsdE4pH1,2.0.34
0LcZ-4T5mwI1kbpKDQtVnbvoQ1qcT-41,O2.0.40
0L_G03LSbIziSkygp2uprO3culKO_u-1,2.0.34
0LdT-t-P_CIbiO9oO60KEVTHLfmQl6s1,2.0.40
0LeUZjY5pN8gq0JHfL1_YMYabfTGE-X1,2.0.40
0LeUcyY0VKs-9e1r4S16tV4H5BJW1w-1,2.0.40
0Lc-EvjlnL4m0Z8Ibg77O-yEQtxiHXo1,O2.0.40
0Lc-wjFjc7FHYtvv-OD1POGHEn51Wz_1,2.0.34
0Lc-Ihu1TmkNV2DgzkRdU6k2qiNq1av1,O2.0.40
0LeLA4o-2v2OaVGwKzB_Vz4zt7MjK-k1,2.0.40
0Lc-DDnU341vh4ovLG-Exh_BzeDZOj71,O2.0.40
0Lc-391zDcAuaExB1EYMMwSPMk4xHw21,2.0.34
0LdXqKqXBfufISYT1rZ_Qp3n1orRNE-1,2.0.40
0Lc-vxCTcU5LyqPDq53AJLnvM8-ek8x1,2.0.40
0Lc-8AN1TJzTzibvwUTuVZce6NGjzIu1,2.0.34
0Lc-uLfwkLTe8un0qd8SHvtmlnF4hB_1,O2.0.40
0Lc-FxiBdmn-DZBvWttElQQ55j9lBsW1,2.0.40
0LdT-Rm78NAMzkXkuZ3_1tp55sih-wR1,2.0.40
0Lc-uFKw3_Si1_XpGI_Q3OEE_C3-k301,2.0.34
0Lc-6VTCRJW4rE5Vlwi31f8ppkiJt_S1,O2.0.40
0Lc-T7jeWnLI0jmUtkpwJ9fsG0iSQt71,O2.0.40
0LdDSgy7fPOhgicFhjQ-3qFShtS9pS-1,2.0.40
0LeGAr-V-xkoyLa_BgJNJ69_xryTxbX1,2.0.40
0Lc-uBkjKEAezQeVbY87xQr97pF1vgV1,O2.0.40
0Lc-3NWKQ7j8VdXUIU-9mVhespXpLPb1,2.0.34
0Lc-S5-6l-N7TaBPmzYq1jHAQD-1bhD1,O2.0.40
0Ld3-W8QseyhEFcTUwGxClFrNHWZaI_x,O2.0.40
0Lc-Sgegz4r5pAgpF5AqBcpb968N_CJ1,O2.0.40
0Lc-7PgjFUlzPGR91ZDq7Ywn-RYayZr1,O2.0.40
0Lc-S170ZJS9V8R_dZk-XQI-sKG-tj51,2.0.34
0Lc-6oeGrlFIxHYOJdQT2h8QHNZRl8G1,O2.0.40
0Lc-MTTGgnkMRMC1bd4aEH0RFEC29vW1,O2.0.40
0LeUjvsZQqtJLX1KuY_PZWxl-fQSO-31,2.0.40
0Lc-8wIKx0THAMgrWsuO7ADQ3hrD1Pk1,2.0.34
0Lc-4OdD6nglikmoeGLs0iiJrloBbKp1,2.0.34
0Lc-vZskuUUJk_Eyo_ndV3MIA0LKtIS1,O2.0.40
0Lc-OOftuuecZWy4Ao4LZfOfjRPVmFp1,2.0.34
0LcAdH9zjyyT5MtJ6m2lqyW6Ox0IX-d1,2.0.34
0Lc-ucvs8MQEdqRXiDsN16VVNE7U3aH1,
0LePU2zfiOdqG_Mex6uo6K4WQEpiH-o1,
0LcYwi0jPdGyHCtcxgOk1chqt6Fi9-U1,O2.0.40
0Lc-T6aj4FJQcEMfQPOHS82P-sQKIxA1,2.0.40
0Lc-CvrE2ies2YT25ruMHMvIC9P5PlN1,O2.0.40
0Lc-w-qHy6qk3ogYB-rUSyqjcdaFGo-1,
0LcYisnXXecQy4Ou1xsjSeueNYdT_-A1,
0Lc-QGlunbsUM4ukuxdNMLfR_QRPhUi1,O2.0.40
0Lc-U_-bV-VSeN_CKeQJDon6JN1haKp1,
0Lc79BFv75z6zhanf5HXZWayBAGmSU-1,
0Lc-GG04cb1Mru6NRDVin1czYDiIu_01,O2.0.40
0LdXQR88aLI1r2Y6Nhrw4NYEBYBIh-H1,
0Lc-8KcEq4xk_c2OfQPH8MkNFZnLqXU1,O2.0.40
0Ld4YKiTvRl0snvCSQ-BWth3RL5JTK-J,2.0.40
0Lc-Spg6hp3BGeQ-645CxtlJ3Ebxbyk1,
0LeMJEpJNK4l4Vnwpm17DcWp6doV_-z1,
0LeQ4x2_1oVv_CvbcEIO9QR9OKgChF-1,
0Lc-80p8eEG4ZQ7fU45MZ_V3uWZr0KQ1,O2.0.40
